state,name,website,contact
Alabama,ARC,www.al-arc.com,7484449964
Alabama,Blood Assurance Inc.,www.al-bainc.com,9595946546
Alabama,LifeSouth Community Blood Centers,www.al-lcbc.com,2586518745
Alabama,UBS,www.al-ubs.com,3133852799
Alaska,Blood Bank of Alaska,www.ak-bba.com,5669741559
Arizona,ARC,www.az-arc.com,8234588686
Arizona,UBS,www.az-ubs.com,5372275533
Arkansas,ARC,www.ar-arc.com,2827263274
Arkansas,Community Blood Center of the Ozarks,www.ar-cbco.com,1828264356
Arkansas,Lifeblood,www.ar-life.com,7618564446
Arkansas,UBS,www.ar-ubs.com,1372682995
California,ARC,www.ca-arc.com,4873639287
California,Lifestream,www.ca-ls.com,4795883917
California,Blood Bank of the Redwoods,www.ca-bbr.com,4666613398
California,Blood Centers of the Pacific,www.ca-bcp.com,1664912226
California,BloodSource,www.ca-bs.com,5869772376
California,Central California Blood Center,www.ca-ccbc.com,7419572383
California,Community Blood Bank,www.ca-cbb.com,2376573895
California,Delta Blood Bank,www.ca-dbb.com,2387578486
California,Hemacare,www.ca-hc.com,3577885795
California,Houchin Valley Blood Bank,www.ca-hvbb.com,6614456366
California,San Diego Blood Bank,www.ca-sdbb.com,4437713732
California,Marshall Community Blood Center,www.ca-mcbc.com,2898456839
California,Northern California Blood Bank,www.ca-ncbb.com,9543367744
California,UBS,www.ca-ubs.com,3293936245
Colorado,Bonfils Blood Center,www.co-bbc.com,8168817272
Colorado,UB,www.co-ubs.com,4722167161
Colorado,Children's Hospital Colorado,www.co-chc.com,4486168175
Connecticut,ARC,www.ct-arc.com,4776564818
Delaware,Blood Bank of Delmarva,www.de-bbd.com,8682773824
Florida,The Blood Alliance,www.fl-tba.com,2595583213
Florida,Community Blood Centers of South Florida,www.fl-cbcsf.com,3117384268
Florida,OneBlood,www.fl-ob.com,5948411197
Florida,Florida's Blood Centers,www.fl-fbc.com,8497766654
Florida,LifeSouth Community Blood Centers,www.fl-lcbc.com,2783931424
Florida,Northwest Florida Blood Center,www.fl.nfbc.com,3824262837
Florida,United States Blood Bank,www.fl-usbb.com,7944514781
Florida,Southeastern Community Blood Center,www.fl-scbc.com,4774244487
Florida,Suncoast Communities Blood Bank,www.fl-scbb.com,9351262869
Florida,Renovation Blood Center Corp.,www.fl-rbcc.com,3718288275
Georgia,ARC,www.ga-arc.com,5735746893
Georgia,Blood Assurance Inc.,www.ga-bai.com,7269753879
Georgia,LifeSouth Community Blood Centers,www.ga-lcbc.com,3134569923
Georgia,Shepeard Community Blood Center,www.ga-scbc.com,5338946572
Georgia,Southeastern Community Blood Center,www.ga-scbc.com,6673212563
Hawaii,Blood Bank of Hawaii,www.hi-bbh.com,4333123488
Idaho,ARC,www.id-arc.com,8589577846
Idaho,Inland Northwest Blood Center,www.id-inbc.com,5269846792
Illinois,ARC,www.il-arc.com,6789299968
Illinois,Central Illinois Community Blood Center,www.il-cicbc.com,7313987786
Illinois,Community Blood Services of Illinois,www.il-cbsi.com,8231915971
Illinois,Heartland Blood Centers,www.il-hbc.com,6634698458
Illinois,LifeSource,www.il-ls.com,6671572435
Illinois,Mississippi Valley Regional Blood Center,www.il-mvrbc.com,1125128515
Illinois,Rock River Valley Blood Center,www.il-rrvbc.com,1746918979
Indiana,ARC,www.in-arc.com,4968432892
Indiana,Community Blood Center,www.in-cbc.com,5249997582
Indiana,Heartland Blood Center,www-in-hbc.com,7563715786
Indiana,Indiana Blood Center,www.in-ibc.com,9322984752
Indiana,South Bend Medical Foundation,www.in-sbmf.com,4739228155
Iowa,LifeServe Blood Center,www.ia-lbc.com,4529896669
Iowa,Mississippi Valley Regional Blood Center,www.mvrbc.com,6244976544
Iowa,Siouxland Community Blood Bank,www.ia-scbb.com,1392189993
Kansas,ARC,www.ks-arc.com,4767935944
Kansas,Community Blood Center,www.ks-cbc.com,5276121214
Kentucky,ARC,www.ky-arc.com,1441198289
Kentucky,Hoxworth Blood Center,www.ky-hbc.com,5324531798
Kentucky,Kentucky Blood Center,www.ky-kbc.com,1227218594
Kentucky,Western Kentucky Regional Blood Center,www.ky-wkrbc.com,1492726773
Louisiana,The Blood Center,www.la-tbc.com,8113824285
Louisiana,LifeShare Blood Centers.,www.la-lbc.com,2787774795
Louisiana,UBS,www.la-ubs.com,1675228359
Maine,ARC,www.me-arc.com,8482372239
Maine,Hemacare,www.me-hc.com,8256729659
Maryland,ARC,www.md-arc.com,1952658548
Maryland,Blood Bank of Delmarva,www.md-bbd.com,1418353482
Massachusetts,ARC,www.ma-arc.com,6631144858
Michigan,ARC,www.mi-arc.com,9391183263
Michigan,Michigan Blood,www.mi-mb.com,9912377245
Minnesota,ARC,www.mn-arc.com,7878547238
Minnesota,Memorial Blood Centers,www.mn-mbc.com,9615353112
Mississippi,The Blood Center,www.ms-tbc.com,9458763734
Mississippi,Lifeblood,www.ms-lb.com,3296831283
Mississippi,Mississippi Blood Services,www.ms-mbs.com,5941589859
Mississippi,UBS,www.ms-ubs.com,2313866684
Missouri,ARC,www.mo-arc.com,3356726532
Missouri,Community Blood Center,www.mo-cbc.com,5268975611
Missouri,Community Blood Center of the Ozarks,www.mo-cbco.com,5556292273
Missouri,Mississippi Valley Regional Blood Center,www.mo-mvrbc.com,6123741376
Montana,ARC,www.mt-arc.com,2325945643
Montana,UBS,www.mt-ubs.com,1731122262
Nebraska,ARC,www.ne-arc.com,6868321889
Nebraska,Community Blood Bank,www.ne-cbb.com,7238475817
Nevada,UBS,www.nv-ubs.com,8942729181
New Hampshire,ARC,www.nh-arc.com,2744279383
New Jersey,The Blood Center of New Jersey,www.nj-tbcnj.com,6869549854
New Jersey,Central Jersey Blood Center,www.nj-cjbc.com,9277586844
New Jersey,Community Blood Services,www.nj-cbs.com,2359528215
New Jersey,New York Blood Center,www.nj-nybc.com,2537634589
New Mexico,UBS,www.nm-ubs.com,4817865264
New York,ARC,www.ny-arc.com,1531133271
New York,Community Blood Bank of Northwestern Pennsylvania and Western New York,www.ny-cbbnpwny.com,7322222887
New York,Community Blood Services,www.ny-cbs.com,5862816951
New York,Hemacare,www.ny-hc.com,1312134918
New York,New York Blood Center,www.ny-nybc.com,1277458274
New York,Unyts,www.ny-un.com,1624412779
North Carolina,UNC REX Blood Services,www.nc-urbs.com,2779238897
North Carolina,Community Blood Center of the Carolinas (CBCC),www.nc-cbcc.com,4161445392
North Carolina,ARC,www.nc-arc.com,1164149788
North Dakota,UBS,www.nd-ubs.com,3563346869
Ohio,ARC,www.oh-arc.com,3143586488
Ohio,Community Blood Center,www.oh-cbc.com,6948587147
Ohio,Hoxworth Blood Center,www.oh-hbc.com,4383678677
Ohio,LifeShare Community Blood Services,www.oh-lcbs.com,9844461512
Oklahoma,ARC,www.ok-arc.com,8766118398
Oklahoma,Oklahoma Blood Institute,www.ok-obi.com,7735824288
Oregon,ARC,www.or-arc.com,8967121256
Oregon,Lane Blood Center with Bloodworks Northwest,www.or-lbcbn.com,5622196737
Pennsylvania,ARC,www.pa-arc.com,1653945812
Pennsylvania,Central Blood Bank,www.pa-cbb.com,8659561272
Pennsylvania,Central Pennsylvania Blood Bank,www.pa-cpbb.com,5626266337
Pennsylvania,Community Blood Bank of Northwestern Pennsylvania and Western New York,www.pa-cbbnpwny.com,6123925651
Pennsylvania,Miller-Keystone Blood Bank,www.pa-kbb.com,8632933965
Rhode Island,Rhode Island Blood Center,www.ri-ribc.com,8191495898
South Carolina,Community Blood Center of the Carolinas (CBCC),www.sc-cbcc.com,6815395279
South Carolina,ARC,www.sc-arc.com,9542896282
South Carolina,The Blood Alliance,www.sc-tba.com,1141762619
South Carolina,The Blood Connection Inc.,www.sc-tbci.com,5357369759
South Carolina,Piedmont Blood Center,www.sc-pbc.com,2723991782
South Carolina,Shepeard Community Blood Center,www.sc-scbc.com,4433449369
South Dakota,UBS,www.sd-ubs.com,2677823585
Tennessee,ARC,www.tn-arc.com,7781815828
Tennessee,Blood Assurance Inc.,www.tn-bai.com,7841753559
Tennessee,Lifeblood,www.tn-lb.com,1267695957
Tennessee,Lifeline Blood Services,www.tn-lbs.com,3865394144
Tennessee,Marsh Regional Blood Center,www.tn-mrbc.com,2162422188
Texas,The Blood Center the headquarters of the Gulf Coast Regional Blood Center,www.tx-tbchgcrbc.com,1594639726
Texas,Blood and Tissue Center of Central Texas,www.tx-btcct.com,9425479633
Texas,Carter BloodCare,www.tx-cb.com,5585193862
Texas,Coastal Bend Blood Center,www.tx-cbbc.com,2442589581
Texas,Coffee Memorial Blood Center,www.tx-cmbc.com,6479636434
Texas,Gulf Coast Regional Blood Center,www.tx-gcrbc.com,5496973629
Texas,Lifeshare Blood Centers,www.tx-lbc.com,4439881767
Texas,South Texas Blood and Tissue Center,www.tx-stbtc.com,3549291722
Texas,Texas Blood Institute,www.tx-tbi.com,3289343949
Texas,Texoma Regional Blood Center,www.tx-trbc.com,7587562357
Texas,UBS,www.tx-ubc.com,7255325221
Utah,ARC,www.ut-arc.com,3486786753
Utah,ARUP Blood Services ARUP Laboratories,www.ut-absal.com,4757662827
Utah,Mountain Star Blood Services,www.ut-msbs.com,6855882612
Vermont,ARC,www.vt-arc.com,1359766965
Vermont,US Virgin Islands,www.vt-uvi.com,8899792291
Virginia,ARC,www.va-arc.com,9382179685
Virginia,Blood Bank of Delmarva,www.va-bbd.com,3743992915
Virginia,Inova Blood Donor Services,www.va-ibds.com,3859411816
Virginia,Johnston Memorial Hospital,www.va-jmh.com,1619682456
Virginia,Virginia Blood Services,www.va-vbs.com,5923498855
Washington,ARC,www.wa-arc.com,8621426562
Washington,Bloodworks Northwest,www.wa-bn.com,4417541782
Washington,Cascade Regional Blood Services (Tacoma Pierce County Blood Bank),www.wa-crbs.com,9829551774
Washington,Inland Northwest Blood Center,www.wa-inbc.com,9565826763
West Virginia,Central Blood Bank,www.wv-cbb.com,8461231625
Wisconsin,ARC,www.wi-arc.com,8197857745
Wisconsin,Blood Center of Wisconsin,www.wi-bcw.com,1848162317
Wisconsin,Community Blood Center,www.wi-cbc.com,4176145536
Wisconsin,Memorial Blood Centers,www.wi-mbc.com,8794329639
Wisconsin,Mississippi Valley Regional Blood Center,www.wi-mvrbc.com,1379692934
Wyoming,UBS,www.wy-ubs.com,4482681217
